tweets,img,label
brt please sign petition amp retweet lolita spent years tiny tank illegally small nobody power,none,1
brt skyshockgg ubisoftlatam esooo sky lolita,http://pbs.twimg.com/media/EluIGUTUYAAi9Sx.jpg,1
bskyshockgg ubisoftlatam esooo sky lolita,http://pbs.twimg.com/media/EluIGUTUYAAi9Sx.jpg,1
mediaite closed caption nntrump hey jeffrey truth rumor fly hillarys,none,1
moonlightslove nosoulartist lolitabih bijuumike right however see mike,none,0
moonlightslove nosoulartist lolitabih bijuumike understand uncomfortable,none,0
bnosoulartist lolitabih bijuumike people could things similar happen characters httpstcomsjpxrijwy,none,0
alenaostberg maddiewasmatty herediversity tslolita,none,0
bam right better word absurdity simply irony came friend kubrick made,none,1
httpstcomileqztobj,none,0
brt whatsonstage almeida theatre reopen new socially distanced season beginning december three httpstcohmhjifujjz,none,0
brt stonerluka funfact love lolita fashion,none,1
brt hessianmohd lol leftists support idiot extremistswho pollute earth boycott french,none,1
shiriallwoodxxx nooditrki hifashemale,none,0
brt carlosrhodora nicoletteannmc mcambsl pinkyfaye ftangco mayynfante,none,0
bim part redneck lolita,none,0
assure lolita isnt become pedophile propagandannits mind obsessed pedophile,none,0
bsimplytsunami gotha lolita sleves still available,none,0
baiyrie gotha lolita sleves still available,none,0
bladygaga another lolita express flyer backs another lolita express flyer convenient,none,1
gotha lolita sleves available,none,0
alenaostberg maddiewasmatty herediversity tslolita,none,0
bxitzinaya gotha lolita sleves available,none,0
bchesseomu gotha lolita sleves still available,none,0
aiyrie gotha lolita sleves still available,none,0
bniamhlovesbooks garrisontowns marrowbonebooks brilliant naughty cover associate solero,none,0
gotha lolita sleves still available,none,0
bicarusbanks lolita thing,none,1
tsmarianacastro nicollylopests maddiewasmatty alenaostberg,none,0
time would make nice mortals,none,1
brt quenblackwell mercury regurgitate,none,1
top,none,0
brt quenblackwell gonna hit children gonna hiss act possessed rattle,none,1
brt million saudis amp womennnkenroth says rights loujain,none,1
brt sapnapswifu lolita minx niki really turn wanted well loh,none,0
brt carlosrhodora nicoletteannmc mcambsl pinkyfaye ftangco mayynfante,none,0
brt amorhestia call lawliets lolita,http://pbs.twimg.com/media/ElszypFX0AEBCYj.jpg,0
brt emirichuyt day elvenncharacter star guardian janna league legendsnnday lolita ncharacter celestia ludenberg,none,1
brt ughhwhatnow romance alive well,http://pbs.twimg.com/media/Ellt-aWWkAAzRvs.jpg,1
bcarlosrhodora nicoletteannmc mcambsl pinkyfaye ftangco,none,0
brt kirbythegorb daily kirby instead kirby lolita dress kirby lolita dress,http://pbs.twimg.com/media/EltC6MPVMAAmaeS.jpg,1
brt sydsydbizarre day free day birthday last year said might make thing draw lolita birthday year,none,1
brt emirichuyt day elvenncharacter star guardian janna league legendsnnday lolita ncharacter celestia ludenberg,none,1
brt betsaycamp safe everyone nrobotcry iammeinggay mariejoylove,none,1
bgoth lolita sleeves giveawayynroyalehightrades royalehigh royalehighgiveaways royalehighgiveaway httpstcopheayoqvfe,none,0
bjust finished reading ibitsu wasnt good lolita lowkey kinda cute httpstcoqsrxicllvo,http://pbs.twimg.com/media/Elt5RqSVkAA7QEh.jpg,0
brt emirichuyt day elvenncharacter star guardian janna league legendsnnday lolita ncharacter celestia ludenberg,none,1
brt ruxut,http://pbs.twimg.com/media/ElprRh4VoAI6ybd.jpg,0
bwhich president hopeful ever others campaign much biden idea democratic,none,1
brt highschool lacey boots giveawaynflopdeletennrulesnfollow retweet tagsncomment,none,0
brt chichilily innocent world httpstcowbpnrvoasf,http://pbs.twimg.com/media/Ekp96lFUcAAWiaR.jpg,1
give skates nocturnal kitty ears goth lolita sleeves antilique horns skirt,none,1
bgoth lolita sleeves soldddntysm buying valrhshop,none,0
brt angrynettle late night drawing sweetie lolita vocaloid mayu vocaloid httpstcojabrykpeuq,http://pbs.twimg.com/media/ElSL_9zW0AEwFTi.jpg,1
brt oomf time hyperfixation gothic lolita kurapika,none,0
bsutiblr think adding school bag adds unique charm lolita look,none,0
bhelp pls nnme skates skirt goth lolita sleeves butterfly veil dotd head flowers ruffle velvet skirts,none,1
yes lolita touch,none,0
bmoonlightslove lolitabih bijuumike lol theyre upset didnt cry eyes kotoko upset,none,1
blowdruggies parasol ltbsngoth lolita sleevesnmagical witch hatnvampire crownnnocturnal kitty,none,0
bolasoydora parasol ltbsngoth lolita sleevesnmagical witch hatnvampire crownnnocturnal kitty httpstcoujsohdzayc,none,0
bbye love lolita,none,1
blulukkkk give skates nocturnal kitty ears diamondsspring horns goth lolita sleeves,none,1
give skates nocturnal kitty ears diamondsspring horns goth lolita sleeves,none,1
yes lolita touch,none,0
brt hertzprung halloween request lieutenant tsurumi gothic lolita schrikes nngot little carried away one gotta,none,1
brt rawrdere lolita community toxic like let ppl enjoy shit,none,1
bme browses lolita stuff lolita selling sitenthis pretty everything expensive,none,0
bekstazsi lolita campur likey,none,0
brt sapnapswifu lolita minx niki really turn wanted well loh,none,0
brt hertzprung halloween request lieutenant tsurumi gothic lolita schrikes nngot little carried away one gotta,none,1
bprincess diana victim love jihad less painful instance would dalliances imran nazi,none,1
brt oneirio tried strive theme making outfits look casual dizzys design based rev,none,1
bbidding goth lolita sleeves starting bid highest httpstcoufyvwhchtk,none,0
brt belindautop lolita halloween nbelindapop,http://pbs.twimg.com/ext_tw_video_thumb/1322751295632023552/pu/img/RqYdHX-aM_u00WMf.jpg,1
blolita flores,none,0
blolnagito lolitabih bijuumike someone makes fun kotokos trauma people naturally attack person,none,1
brt tim curry hes singing heart love love rockyhorrorlive httpstcoawwnmlxndq,http://pbs.twimg.com/ext_tw_video_thumb/1322740739386888192/pu/img/Wnxq41n0180xS0Ll.jpg,1
brt kndmex wait explain tim curry rockyhorrorlive httpstcohqfvvzdnuu,http://pbs.twimg.com/ext_tw_video_thumb/1322744507864027137/pu/img/6CFzGNzov1OcZqJ6.jpg,0
brt bidoofs tim curry wilmer valderama reading sex scene together happy halloween rockyhorrorlive,http://pbs.twimg.com/media/EltMWMiWkAU9Tn4.jpg,1
brt margit tim curry rockyhorrorlive,http://pbs.twimg.com/media/EltHMU6XUAA12K-.jpg,0
brt sigridellis rockyhorrorlive fyi massive stroke paralyzednnand adlibbing like fucking,none,1
brt sydsydbizarre day free day birthday last year said might make thing draw lolita birthday year,none,1
brt jakeniemeyer little nell assisting tim curry rockyhorrorlive equally heartbreaking heartwarming treasures,none,1
brt always good see tim rockyhorrorlive httpstcottihvxwbdc,http://pbs.twimg.com/media/EltFxRUVoAAmedz.jpg,0
brt future liberals want rockyhorrorlive,http://pbs.twimg.com/media/EltWlT0XYAACdiv.jpg,1
brt gregorygallen love nell amp tim going script making lines love great ensemble player,none,1
brt heidimiller tim curry rphs live stroke warms heart many actors play disability actors,none,1
brt adara need say tim curry legend true icon seeing rockyhorrorlive making happy,none,0
brt adara sethgreen riff raff everyday please thank rockyhorrorlive wisdems,http://pbs.twimg.com/media/EltFgnwX0AEQhwK.jpg,0
bhey lolita hey,none,0
blolitatnie karailway kannadaprabha cpronammametro mohuaindia wfrising,none,0
blolitabih bijuumike bruh fandom literally makes fun trauma one points always,none,1
bscoutvenus trying find damn maxi pad headdress nobody except wants lolita aesthetics lmao,none,0
brt please sign petition amp retweet lolita spent years tiny tank illegally small nobody power,none,1
lolita type beat,none,1
bart malbethbear ship togafuka made dont get either tokomaru danganronpa,none,1
bhighschool lacey boots giveawaynflopdeletennrulesnfollow retweet,none,0
brt hertzprung halloween request lieutenant tsurumi gothic lolita schrikes nngot little carried away one gotta,none,1
brt himegamik doll,http://pbs.twimg.com/media/EjKe8EUU8AAypcD.jpg,1
bfound beautiful lolita cosplay dress vinted think make something similar certainly,none,0
brt acmechisa lolita halloween limited number cheki sets available fake star cheki set,none,1
want know kev ride lolita express,none,0
brt himegamik doll,http://pbs.twimg.com/media/EjKe8EUU8AAypcD.jpg,1
brt emirichuyt day elvenncharacter star guardian janna league legendsnnday lolita ncharacter celestia ludenberg,none,1
bah need lolita blouse,none,0
give goth lolita sleeves halloween items,none,1
btrading goth lolita,none,0
goes goth lolita,none,0
norman wins every damn,none,1
bselling items ngoth lolita sleeves witch bodice accident,none,1
tea party bow rat ears nom waist floatie bracelets,none,1
parasolnocturnal kitty ears antilique horns shadow empress crown goth lolita sleeves httpstcoktacqvitpf,none,1
brt sapnapswifu lolita minx niki really turn wanted well loh,none,0
bme kitty crossbody magical broomstick magical witch gothic lolita sleeves vampire,none,1
brt darkyjoe halloween video call nyanssu angkasa thank finally meet rei agreed,none,0
brt breakingnnin compliance jkhc order govt jampk issues order cancel actionsmutationstransfer rights,none,0
brt sapnapswifu lolita minx niki really turn wanted well loh,none,0
brt tonykanal kidnapped family pod held captivity years please urge captors release lolita home,none,1
bme noc kitty ears lolita sleeves magical broomstick vampire crown kitty crossbodynntrade already completed,none,0
brt betsaycamp robotcry iammeinggay mariejoylove,none,0
blolita witch happy halloween nhalloween happyhalloween halloweenathome witch lolita,none,1
bkemflr light goth lolita sleeves kitty crossbody adorable lace doll boots giant teddy,none,1
baaaaaaaand ate httpstcoadkelulfcr,http://pbs.twimg.com/tweet_video_thumb/EltkAXwWkAElA4K.jpg,0
bdumauriayyy thats cute would love wear lolita could fit brand,none,1
brt sapnapswifu lolita minx niki really turn wanted well loh,none,0
brt retrolanabby know needs hear lolita skip,http://pbs.twimg.com/media/ElnUrg8XYAMM5qK.jpg,0
brt dumauriayyy decided wear sweet lolita tonightfirst time wearing angelic pretty dress httpstcomxawtanjwz,http://pbs.twimg.com/media/ElsgfqTWoAM-IYm.jpg,1
brt lolitawardrobe preorder deadline reminder foxtrot secret gothic lolita blouse vest cape,none,0
brt sapnapswifu lolita minx niki really turn wanted well loh,none,0
brt sapnapswifu lolita minx niki really turn wanted well loh,none,0
brt sapnapswifu lolita minx niki really turn wanted well loh,none,0
brt sapnapswifu lolita minx niki really turn wanted well loh,none,0
yes yes,none,0
brt sapnapswifu lolita minx niki really turn wanted well loh,none,0
brt sapnapswifu lolita minx niki really turn wanted well loh,none,0
brt belindautop lolita halloween nbelindapop,http://pbs.twimg.com/ext_tw_video_thumb/1322751295632023552/pu/img/RqYdHX-aM_u00WMf.jpg,1
brt sapnapswifu lolita minx niki really turn wanted well loh,none,0
brt xxkaiyaoxx planning farm candies buy another goth lolita sleeves comment offer,none,0
brt tyunderwood naxuu nabokov design lolitas cover one subject emphatically opposed kind,none,0
brt stonerluka funfact love lolita fashion,none,1
brt sapnapswifu lolita minx niki really turn wanted well loh,none,0
brt,http://pbs.twimg.com/media/ElqUtY_VoAAVwSV.jpg,0
blolitaskies val set since got daily rewards today,none,1
blolitaskies yea ive trying look ltbs offer either val set wings val set,none,1
blolita minx niki really turn wanted well,none,0
bfunfact love lolita fashion,none,1
brt kaiseriscursed hosting devil guro lolita panel gramarye bayareakei event,none,0
brt princessyuuuh gothic lolita coord today happy halloween,http://pbs.twimg.com/media/ElsksNkWoAA9n50.jpg,1
blrt ott sweet lolita,none,1
brt betsaycamp robotcry iammeinggay mariejoylove,none,0
bmoonlightslove nosoulartist lolitabih bijuumike get doesnt know byakuyas trauma,none,1
brt darkyjoe halloween video call nyanssu angkasa thank finally meet rei agreed,none,0
blolitabih moonlightslove bijuumike show evidence,none,0
brt hertzprung halloween request lieutenant tsurumi gothic lolita schrikes nngot little carried away one gotta,none,1
brt lolita donat,http://pbs.twimg.com/ext_tw_video_thumb/1287372300828860416/pu/img/NqKKNU4Pbh1O5MGC.jpg,0
bhalloween request lieutenant tsurumi gothic lolita schrikes nngot little carried away,none,0
brt calytakim day kaai yukinnsince yukis measures apples apple yuki make kawaii yukinnvocatober,none,1
bplease sign petition amp retweet lolita spent years tiny tank illegally small nobody,none,1
brt calytakim day kaai yukinnsince yukis measures apples apple yuki make kawaii yukinnvocatober,none,1
bday kaai yukinnsince yukis measures apples apple yuki make kawaii,none,1
blolitabih bijuumike understand mean sure talk soon heard going,none,0
bkiss dark tonight way kiss park tonight something,none,0
blolitatnie mindset didnt change time,none,1
visited spooky island acnh friend bunch chocolate boulevardier glasses,none,1
brt betsaycamp safe everyone nrobotcry iammeinggay mariejoylove,none,1
bmrkrudd like know relationship pedo epstein many times fly lolita express,none,0
brt betsaycamp robotcry iammeinggay mariejoylove,none,0
bmoonlightslove lolitabih bijuumike honestly bro,none,1
bput lolita dress hell yeah,none,0
blolita halloween nbelindapop,http://pbs.twimg.com/ext_tw_video_thumb/1322751295632023552/pu/img/RqYdHX-aM_u00WMf.jpg,1
bdiddledrump seanhannity big bill lolita express,none,1
bim fucking done drama see one person defend bijuu actions blocking,none,1
brt iimememe toothache httpstcoysdnswflwk,http://pbs.twimg.com/media/ElfeE9tU8AA1vyJ.jpg,0
btslolita good night sexy babe love,none,1
bmoonlightslove bijuumike well doesnt excuse actions,none,1
joshrichards lordt lolita like wtf someone call peta crimestoppers,none,0
bheres wip tokomaru drawing halloween couldnt finish time take,none,1
blolitabih bijuumike one remember laughing masaru pretty,none,1
bitshoneyli ayyyy ordered,none,0
blolitabih bijuumike joke specifically dont remember making jokes,none,1
bnosoulartist bijuumike defending,none,1
brt lolitawardrobe preorder unideer deer lolita shopping link gtgtgt new colors,none,1
bbetsaycamp robotcry iammeinggay mariejoylove,none,0
brt sophieraccoon one lolita dresses fits suit,http://pbs.twimg.com/media/EltWGG4WoAAc4bG.jpg,0
barchonof logic something like taxi driver lolita banned well never films like,none,1
nosoulartist lolitabih bijuumike mike doesnt know toko byakuya nagito trauma httpstcofnhkzwrkao,none,0
brealgirlweeb lolitabih bijuumike ive trying explain mike doesnt know toko,none,0
btest run new cosplaynot shabby last minute throw together,none,0
obsessed lolita dresses want buy,none,1
bone lolita dresses fits suit,http://pbs.twimg.com/media/EltWGG4WoAAc4bG.jpg,0
bhappy halloween kimi dylan pocari chihuahua pumpkin lolita,none,1
brt gothoftheday goth day vocaloid mayu style choice gothic lolita,http://pbs.twimg.com/media/EfGkHVTUMAAu69e.jpg,0
bstarsanrio honestly half costume homestuck stuff dress stocking pswg rectangle,none,1
bwhen daughter wont cosplay lolita dadproblems,none,1
blolitabih bijuumike really fiction lived real world fictional world,none,1
bdirty sex pissplay lolita pet,none,1
bher clothes mostly elegant black frills white quillings thus resembling elegant gothic lolita fashion bot,none,1
blolitabih bijuumike funny thing mike doesnt know byakuyasomeone doesnt even exist,none,0
bbe safe everyone nrobotcry iammeinggay mariejoylove,none,1
blolitabih bijuumike made light joke could tell obviously didnt mean bad way plz,none,1
bgiannachiarot lolita christian terribly missing,none,0
bhappy halloween virtual photoshoot edition someday sleepyseagull able wear lolita fashion,none,1
lolita shopping sites life,none,1
bnosoulartist lolitabih bijuumike problem character one lot people find comfort httpstcocafnaozqdt,none,1
bim online right skyprivate payperminute system skype live shows call right private,none,1
wanted wear lolita today dont energy even get bed,none,1
yes trump reported epstein banned maralago,none,1
bkonyataform esoteric truth lolita actually novel trucker real purpose story,none,1
dont halloween content wore lolita became increasingly humiliated explain,none,1
nicoletteannmc mcambsl pinkyfaye ftangco,none,0
btimcast lolita express flight logs,none,0
blolitabih bijuumike fictional characters trauma though like understand real person,none,0
bpnwbiker hillary president know half harvey would still making,none,0
brt venusgalaxia ive really pixel art recentlynnlolita drawing,http://pbs.twimg.com/media/EltMhcdXEAIxEy3.png,1
bbuttfrags patkrueger thedailybeast two things equate bill clinton flew lolita express,none,1
blolita went store hour ago still stuck route took cause heb minutes away,none,0
blolitabih bijuumike whos trama make fun genuinely asking,none,1
bbijuumike literally made fun someones trauma,none,1
bive really pixel art recentlynnlolita drawing,http://pbs.twimg.com/media/EltMhcdXEAIxEy3.png,1
bgothic lolita dress taken september japanese japanese crossdressernyou read,none,0
bhow lolita author vladimir nabokov helped ruth bader ginsburg find voice httpstcohedafsgalc,none,0
bgayporbledad wore aristo lolita outfit,http://pbs.twimg.com/media/EltLPR0XgAAlsTv.jpg,1
wasnt calling costume ffs allowed wear something halloween wanted goth,none,1
brt lovelypotaaa since jack quit roblox hes giving group funds away nearly everyone retweets tweet,none,1
bhappy halloween everyoneni got dressed online meet lolita friendsnhope everyone,none,1
bxxandreaii sorry saw comment still wanting,none,0
bpokerxvx skates nsf skirt nruffle velvet skirt ngoth lolita sleeves diamonds,none,0
bmajinscarlet know got gothic lolita dress misread size bit nwanna see,none,0
sorry lolita victorian era fashion know ive lolita since,none,1
bmeitempxst skates nsf skirt nruffle velvet skirt ngoth lolita sleeves diamonds nrr set without corset sleeves nsorry poor,none,0
bsnailsenpaii lolita isnt whole culture book rules everything letting know person meant,none,0
skates nsf skirt nruffle velvet skirt ngoth lolita sleeves diamonds,none,0
bflowerysunseed skates nsf skirt nruffle velvet skirt ngoth lolita sleeves diamonds,none,0
bkyle killin lolita look animalcrossing acnh nintendoswitch httpstcoqiutyzemtq,http://pbs.twimg.com/media/EltII89UYAAV_k0.jpg,0
bwait kodomo walked got tippy toes kissed cheek walked back ningyo,none,1
bsnailsenpaii people passionate lolita community fight stereotype fashion isnt,none,1
shit,none,1
cool talent like lil sis important nnthanks lot,none,0
bjazminmathers new mermaid halo broom goth lolita sleeves kitty crossbody,none,0
brt amorhestia call lawliets lolita,http://pbs.twimg.com/media/ElszypFX0AEBCYj.jpg,0
bgrave,none,0
friend grinned patting kodomo head lolita giggled,none,0
brt heartzcore princess heartshaped lolita bag,http://pbs.twimg.com/media/Elk4vAHW0AIpZoH.jpg,1
bjellums blew mossbadger bat jsk fucking reason turning many items,none,1
blolita community toxic like let ppl enjoy shit,none,1
kodomo walked sister ningyo getting stretching sis domo httpstcoryfmqvvdwk,none,1
bimagine kirby lolita dress especially art itsdemo pupupu friends style lose fuckin mind,none,1
brt amorhestia call lawliets lolita,http://pbs.twimg.com/media/ElszypFX0AEBCYj.jpg,0
broyalehigh still got candy last minutes buy enough goth lolita sleeves still know httpstcowqdgsppyzx,none,1
bkill,none,0
brt lolitawardrobe new release princess chronicles mysterious ouji lolita shopping link gtgtgt,none,1
brt kirbythegorb daily kirby instead kirby lolita dress kirby lolita dress,http://pbs.twimg.com/media/EltC6MPVMAAmaeS.jpg,1
brt biizu literally perfect day gothic lolita,http://pbs.twimg.com/media/ElrpsmWU0AAKBc7.jpg,1
bphoenixwuff aight gettin dimitri phoenix lolita pics tho,none,1
gonna hear thud ningyo note self ultimate httpstcodjqeuqdhdc,none,1
brealdonaldtrump god bless president,none,1
brt lolitawardrobe new release princess chronicles mysterious ouji lolita shopping link gtgtgt,none,1
bdaily kirby instead kirby lolita dress kirby lolita dress,http://pbs.twimg.com/media/EltC6MPVMAAmaeS.jpg,1
brt soracosplayjump happy halloween nngothic,http://pbs.twimg.com/media/ElqfPL2U8AAJT0O.jpg,0
bcookielolita lol ppl know,none,0
brt artrockwell hey lolita hey,http://pbs.twimg.com/ext_tw_video_thumb/1179163640928194561/pu/img/U-Hb2efpTfUoQhf4.jpg,1
nodded,none,1
bthe guards must dress lolita shall extremely annoyed,none,0
brt lolitawardrobe new release princess chronicles mysterious ouji lolita shopping link gtgtgt,none,1
took deep breath head quick twitch wish ningyo pichu revive dead,none,1
bechxxow miss lady rose skirt skirt sleeves fan val heels bunny slippers noc ears leahashes ears,none,1
bgoliayg ese lolita wild,none,1
bokies nnhuuuh say nyah first ooor httpstcoigssuryoua,none,0
brt venusgalaxia thoughts head empty lolita dresses,http://pbs.twimg.com/tweet_video_thumb/Els-_P5W0AEhGlm.jpg,0
bmh nnkokichi said could grant wishes nni might one bother,none,0
boh okies nnpromises promises nodded looking kinda proud reason get,none,1
bselling shadow empress boots sleeves goth lolita sleeves nocturnal kitty,none,1
nodded hugging back happened others,none,1
bno thoughts head empty lolita dresses,http://pbs.twimg.com/tweet_video_thumb/Els-_P5W0AEhGlm.jpg,0
nodded grabby hands hug also picked time used,none,1
spider earrings knifes kitty ears lolita sleeves brooms witch hats,none,1
dont costume put weak lolita coord hehe,none,0
pretty sure said favorite book time tho even big age feel like httpstcojvrpzcatlj,none,1
needed lose find love,none,1
buh since halloween items shop anymore selling goth lolita sleeves diamonds,none,1
blongslvs btw lolita wearing white,none,1
brt amorhestia call lawliets lolita,http://pbs.twimg.com/media/ElszypFX0AEBCYj.jpg,0
gonna ask yet ningyo good asking stuff bored also,none,0
blongslvs living cottage wearing probably goth lolita lolita wearing wife holding black,none,1
bmysterysolvent little girls fun plane ride lolita express,none,1
bnovellomichael millerindc realdonaldtrump albertmohler threw country club bill clinton,none,1
bhi honka smiled nnare horny,none,1
gothic lolita halloween picnic,http://pbs.twimg.com/media/Els7ujrU0AAKZoJ.jpg,1
btrading nskates nsf skirt nruffle velvet skirt ngoth lolita sleeves diamonds nnia parasol,none,0
bcookielolita yessss love,none,1
wtf nnok nnanyways walked big bro,none,1
brt emirichuyt day elvenncharacter star guardian janna league legendsnnday lolita ncharacter celestia ludenberg,none,1
bfoolishprncplty yes panicking lot saw yelled middle mall,none,0
nodded walked away fin detective nnjust qrt acc msbsjsb httpstcouayoctydfo,none,1
bplayboyleader lets act like kodomo hear,none,1
shuichi,none,0
bwhat day hamdillah happyhalloween,none,0
brt mienolisshoujo congratulations witch lolita lolitafashion kawaii,http://pbs.twimg.com/media/ElsQY1YX0AYMrwe.jpg,0
yeahhh,none,0
brt sgvy happy tuesday heres tiamat fatego egl elegant gothic lolita fashion thank commissioner thanks,none,0
bmafuyu posted first video youtube goes around asakusa lolita dress eating food cute httpstcoitjzlweorh,none,0
brt princessyuuuh gothic lolita coord today happy halloween,http://pbs.twimg.com/media/ElsksNkWoAA9n50.jpg,1
bnow playing lolita prince listen,http://pbs.twimg.com/media/Els4qMlXUAA6CS8.jpg,1
bthe astral dress wears made crimson black frills giving appearance gothic lolita,none,1
shemalesoncams tscamstars trannyamateur tslolita alenaostberg jockosrocket,none,0
brt itscameliaaa dedicate discovery sister shocked investigative skills gossipy side tennis,none,1
bit obviously advantage attractive nubile young nymphette twitter like nabakovs lolita,none,1
bno seriously lolnidk anyone care imma ramble myselfntheir name crocqia love,none,1
brt arispejavier know reality bitch feel like coralline,none,0
brt amorhestia call lawliets lolita,http://pbs.twimg.com/media/ElszypFX0AEBCYj.jpg,0
brt amorhestia call lawliets lolita,http://pbs.twimg.com/media/ElszypFX0AEBCYj.jpg,0
trading still tradengoth lolita sleevesnkitty crossbodynnocturnal earsnwitch hatnkitchen,none,0
brt amorhestia call lawliets lolita,http://pbs.twimg.com/media/ElszypFX0AEBCYj.jpg,0
brt amorhestia call lawliets lolita,http://pbs.twimg.com/media/ElszypFX0AEBCYj.jpg,0
brt jamxaa sell breakfast,http://pbs.twimg.com/tweet_video_thumb/ElqcWLoWoAI3bli.jpg,0
parasol ltbs lolita goth sleeves,none,0
brt amorhestia call lawliets lolita,http://pbs.twimg.com/media/ElszypFX0AEBCYj.jpg,0
bmade order hair bow deep blue galaxy printed gothic pastelgoth lolita harajuku romantic anime princess,none,1
brt amorhestia call lawliets lolita,http://pbs.twimg.com/media/ElszypFX0AEBCYj.jpg,0
brt amorhestia call lawliets lolita,http://pbs.twimg.com/media/ElszypFX0AEBCYj.jpg,0
brt amorhestia call lawliets lolita,http://pbs.twimg.com/media/ElszypFX0AEBCYj.jpg,0
brt amorhestia call lawliets lolita,http://pbs.twimg.com/media/ElszypFX0AEBCYj.jpg,0
brt amorhestia call lawliets lolita,http://pbs.twimg.com/media/ElszypFX0AEBCYj.jpg,0
bcall lawliets lolita,http://pbs.twimg.com/media/ElszypFX0AEBCYj.jpg,0
brt support retirement sign petition httpstcovqncrlmqvq via change,none,1
tsqueendiana tsplayaround sissytrainers,none,0
bshsllolita whos ningyo ltgtltgt,none,0
brt free lolita suffered captivity years cruel barbaric used,none,1
brt orcas form strong family bonds amp stay mothers life bond shattered stolen,none,1
bplayboyleader mayeb didnt put wellnbut jello gyo,none,0
bdecided cute gothic lolita look year everything selfmade stayathome,http://pbs.twimg.com/ext_tw_video_thumb/1322707072308400136/pu/img/9x8OQGeQQNGpVWwk.jpg,0
bthats like afterparty lolita express visiting pedophile island,none,0
heck yeah still kodomo thought imagined something,none,1
blolita precious,none,1
bignore lowbudget lolita dress,none,0
bdraculasguest thank actually another coord ive worn crocs cursed lolita,none,0
bwh double dead able hold tics saying,none,0
brt etnow dont know love chris evans dog dodger httpstcohbalvsulrr,none,0
bits embarrassing stfu,none,1
bminjoonreai lolitanymphet obsession middle school,none,0
brt night,http://pbs.twimg.com/media/ElolSNhWkAUJykB.jpg,0
nodded httpstcoizqjxomgwp,none,1
brt soracosplayjump happy halloween nngothic,http://pbs.twimg.com/media/ElqfPL2U8AAJT0O.jpg,0
breallyeat offer probably isnt good mermaid royalty fan goth lolita sleeves,none,1
brt fuccl wins halloween year,http://pbs.twimg.com/ext_tw_video_thumb/1322439407585042432/pu/img/8fCWSEhqgYXOBYWM.jpg,1
btsqueendiana pleasuretgirl tslolita shemalesoncams httpstcohysrcopwwr,none,0
bcucaller end,http://pbs.twimg.com/media/ElsuHr1U4AEQRzs.jpg,0
brt sheamasochist think found cheerleader,http://pbs.twimg.com/media/ElsJZQ8W0AAShoJ.jpg,0
bhmm thats idea magical girl whos servant eldritch goddess transform,none,1
beideteker thank much normally natural hair lolita wigs generally look better,none,0
bterribletim lolita lollipop lickin cigar sniffin willie clinton,none,1
brt blackkout know story makes sad anyone hiring new york plug httpstcospwzbfzbhp,http://pbs.twimg.com/ext_tw_video_thumb/1321275580176863239/pu/img/mQGvbGIxnCUH4Hdk.jpg,0
bterribletim soros still walking big hrc lolita lollipop licker husband still walking,none,1
brt missezrenee love hearing sex like,http://pbs.twimg.com/media/ElhgiOBWoAIafiO.jpg,1
never understand mentality honking screaming car window people walking,none,0
seems dangerous,none,0
,http://pbs.twimg.com/ext_tw_video_thumb/1322699838035734534/pu/img/D8iNjrfELSFQAkpL.jpg,0
bdenisevaldivia japanese anime sissy maid dress cosplay sweet classic lolita fancy apron maid dress socks,none,1
blolita buddy roadtrip movie like dumb amp dumber,none,1
really nnh could sparkly eyes,none,1
thatoldsheepdog much ashamed admit knowing weeb lore think gothic lolita,none,0
luengotrans shemalesoncams sinnershaven tslolita httpstcoepuxeqphfi,none,0
want nyah big sis,none,1
bcheck added closet poshmark halloween lolita dress via poshmarkapp shopmycloset,none,1
beviltrashbear ultimate lolita little sister miss ningyo,none,1
brt mctwtcafe received delivery nnfrom lolitanto bunnykiyonni love loser,none,1
shemalesoncams sinnershaven tslolita,none,0
brt angrynettle late night drawing sweetie lolita vocaloid mayu vocaloid httpstcojabrykpeuq,http://pbs.twimg.com/media/ElSL_9zW0AEwFTi.jpg,1
youd think nah went lolita vampire,none,0
bguess candies left next halloween wanted save goth lolita sleeves didnt enough,none,1
nodded taking deep breaths despite interrupted tics nnshe ended calming,none,0
bwhich better new parasol ltbs lolita goth new mermaidrr,none,0
bcamillealbs confession nocturne,none,0
nodded still hugging back tightly trying calm still ticcing btw causes pain,none,1
bapricotcrownx beautyyyy wish coulda dressed lolita together look amazin,none,0
bcamillealbs jai ton kdo mon chou,none,1
blolita original poster stanley kubrick title rolled freddymietoff httpstcofukibsaegn via etsy,none,0
uwu wann nyah loose omeone boop else kept hugging back crying,none,1
bsteampunk lolita plague doctors cat princess daughter httpstcoxpckbayglk,http://pbs.twimg.com/media/ElsncisWkAEeAF_.jpg,1
brt angrynettle late night drawing sweetie lolita vocaloid mayu vocaloid httpstcojabrykpeuq,http://pbs.twimg.com/media/ElSL_9zW0AEwFTi.jpg,1
brt artrockwell hey lolita hey,http://pbs.twimg.com/ext_tw_video_thumb/1179163640928194561/pu/img/U-Hb2efpTfUoQhf4.jpg,1
bselling robux group foundsnmlr skirtnmermaid royaltynnocturnal earsnkitty crossbodyngothic lolita,none,0
parasol ltbs lolita goth sleeves,none,0
tsqueendiana giusytrav alenaostberg maddiewasmatty kindofts,none,0
dont like nni scared crying beginning tic lot,none,0
bgaygeminimoon angrybiackgiri lolita,http://pbs.twimg.com/media/ElsmCjgXYAE6G3p.jpg,0
okies happening nnwhy everyone talking weirdly,none,0
brt islamandlife two friends remind allah,none,0
bare nyah dying uwu nyou leaving right,none,1
bmy gothic lolita coord today happy halloween,http://pbs.twimg.com/media/ElsksNkWoAA9n50.jpg,1
brt melifaracco days years maga realdonaldtrump,http://pbs.twimg.com/tweet_video_thumb/Elqg3AnXIAAOfRX.jpg,0
sof ran kokichi hugging okie httpstcoofxtohbenz,none,0
bug wanted wear gothinc lolita dress today halloween hot,none,1
bultimatenavi joking,none,0
bpulled whispers silence halloween fun also got bring favorite lolita dress,none,1
brt nyxart witchy lolita adoptable interested spooky owoween nrt likes greatly appreciated thank,none,0
brt shedisease kitaakes junpei googling frantically difference goth emo difference goth emo lolita,none,0
bmy followers luck theres brand new post fancentro feed check httpstcoggvfercamj,none,1
apple eye well,none,1
boffering gothic lolita sleeves arachnofabulous earrings puppy ears ices ufo,none,0
btweetmommybop oreo donkey friends epstein weinstein clinton biden sniffing,none,1
byoosungsies dont like way word lolita included,none,0
sleeves butterfly sleeves rose garters earings,none,1
selling butterfly rose,none,1
brt jivke sweet lolita peach peachlookbook,http://pbs.twimg.com/media/EKrGOz3U0AAFkET.png,1
bcrybabitch showed song didnt say anything listening lolita,none,1
sorry confused nnwhat happening,none,0
heres linkkkkk,none,0
bwhat happened big bro,none,1
bwhat people offering goth lolita sleeves kitty crossbody nocturnal kitty earsnni might buy,none,1
bdebating selling lolita,none,0
like think tsukasa really likes dress nene lolita type fashion based tpa,none,1
bdecided wear sweet lolita tonightfirst time wearing angelic pretty dress httpstcomxawtanjwz,http://pbs.twimg.com/media/ElsgfqTWoAM-IYm.jpg,1
brt idontlovejingyi cuddly lolita adoptables based pastel option bid,none,0
boffering items noc gothic lolita sleeves arachnofabulous earrings puppy ears,none,1
btsqueendiana pleasuretgirl tslolita shemalesoncams,none,0
bshsllolita wait,none,0
bshsllolita lets lonely together,none,1
bultimatenavi could lonely uuuuuu,http://pbs.twimg.com/media/ElsfHmgXUAMoI_Y.jpg,1
boffering items noc gothic lolita sleeves arachnofabulous earrings puppy ears,none,1
bbig bro nnwhat saying smol head tilt sof,none,0
bbraids checked nnails almost checked nman checked nim really good place,none,1
brt darkyjoe halloween video call nyanssu angkasa thank finally meet rei agreed,none,0
bhey lolita hey,http://pbs.twimg.com/ext_tw_video_thumb/1179163640928194561/pu/img/U-Hb2efpTfUoQhf4.jpg,0
byou look like marilyn manson glasses worse ged interview shows dont know electoral,none,0
brt heyohsuga lolita actually baby cutest human alivennia says hernlolita understand,none,0
received delivery nnfrom lolitanto bunnykiyonni love loser,http://pbs.twimg.com/media/ElsdTbuUYAAFNjN.jpg,1
bwas voice,http://pbs.twimg.com/media/ElsdQtVXIAERNxy.jpg,0
bcannibawism hahsjannznwkdn thank living gothic ouji lolita dreams,none,1
blolita actually baby cutest human alivennia says hernlolita understand,none,0
brt sarahw years wondered sue lyon life veered sharply downward early stardom lolita,none,0
bthe astral dress wears made crimson black frills giving appearance elegant gothic lolita,none,1
wait lolita merry sticker arrive sashimilu,none,0
bcookielolita dpeendable eigghhhhhhtttt,none,0
brt majinscarlet lolita fashion super fucking pretty,none,1
brt xxtytyxz likes ill buy webcam stream lolita dress,none,1
received delivery nnfrom anonnto evillolita minecraft date love ahaha,http://pbs.twimg.com/media/ElscVhkU0AAOywt.jpg,1
btsqueendiana alenaostberg pleasuretgirl tslolita,none,0
brt shedisease kitaakes junpei googling frantically difference goth emo difference goth emo lolita,none,0
bkitaakes junpei googling frantically difference goth emo difference goth emo lolita,none,0
blolita fashion super fucking pretty,none,1
blovsercat offer gothic lolita sleeves arachnofabulous earrings magical witch hat nfor noc ears,none,1
bciinnamwon offer gothic lolita sleeves arachnofabulous earrings magical witch hat nfor noc ears,none,1
bkuroality offer gothic lolita sleeves arachnofabulous earrings magical witch hat nfor noc ears,none,1
bmaybeveux offer gothic lolita sleeves arachnofabulous earrings magical witch hat nfor noc ears,none,1
bcookiestiffany offer gothic lolita sleeves arachnofabulous earrings magical witch hat nfor noc ears,none,1
blolitaspicy bad bitch knew,none,1
bchrislexz offer gothic lolita sleeves arachnofabulous earrings magical witch hat nfor noc ears,none,1
blxvleyrxses offer gothic lolita sleeves arachnofabulous earrings magical witch hat httpstcorhemionhkb,none,1
broyalehigh dont enough time get lolita sleevesss,none,0
bgxnghqm offer noc gothic lolita sleeves arachnofabulous earrings maybe add,none,0
brt darkyjoe halloween video call nyanssu angkasa thank finally meet rei agreed,none,0
recently read liked clockwork orange lolita american psycho,none,1
bwould anybody trade nme gothic lolita sleeves arachnofabulous earrings nyou noc,none,1
brt darkyjoe halloween video call nyanssu angkasa thank finally meet rei agreed,none,0
brhupdatelog bought lolita sleeves witch hats sleeves rebel torsos,none,1
bterraterrific huge fan art ive following since early tumblr also black love httpstcobfdvkpczxw,none,1
bnaxuu nabokov design lolitas cover one subject emphatically opposed httpstcomrhbzkohcf,none,0
brt xxtytyxz likes ill buy webcam stream lolita dress,none,1
cross trading items weapons set crown soz goth lolita,none,0
bhalloween means legally allowed wear work egl lolita,http://pbs.twimg.com/media/ElsXl9uX0AAjc-n.jpg,1
blolita fashion cute aaaa,none,1
tiny garden garden dance classic lolita dress jsk free shipping worldwide search,none,1
brt darkyjoe halloween video call nyanssu angkasa thank finally meet rei agreed,none,0
bfavorite design lot personality cute lolita wardrobe last,none,1
bscientificecon lolita world,none,0
bnaxuu tbh history marketing lolita full gross stuff,none,0
brt arlahndo find soulmate dms,none,0
brt arlahndo someone lucky life,none,1
ate,none,0
bnunhyabusiness girl milla habit going pspspspspsps beasts men would normally run,none,1
bdiocanela many rich people angelina jolie bill gates called philanthropy,none,1
balso lolita literally stepfather trying fuck stepdaughter,none,1
bso thought would fun wear lolita halloween hour dress wanna take already,none,1
brt gumiteeth new edsh twt plz retweet nnsw cgw postinteract gore lov miku,none,1
bmillerindc realdonaldtrump story know likely lolita express filled httpstcoijrghcfycr,none,0
bunicorn gothic lolita miku anthony fauci service httpstcojqxhisbeey,none,0
bis martin amis blurb cover lolita really weird nodding scandalized assent,http://pbs.twimg.com/media/ElsR-hxU8AAQBXf.jpg,0
brt oceaninspace last cute lolita jester amp witchnhappy httpstcohlzorujwsi,http://pbs.twimg.com/media/ElqycA9XYAUUaJ_.jpg,0
brt turtlepawz nui killlakill lolita theme cutegirltober,http://pbs.twimg.com/media/ElVI3kVXEAEyjVi.png,0
yes looking goth lolita sleeves offering,none,1
bevery day remember much hate horny frat boys lolita,http://pbs.twimg.com/media/ElsQuLZUYAA-Qg8.jpg,1
banyone looking goth lolita sleeves shadow empress boots royal rebel boots batmoheels whole,none,1
brt sxmplyzoey giveaway time prize goth lolita sleeves sxmplyzoey,none,1
bcorpsehusband serenade ears,none,0
bcongratulations witch lolita lolitafashion kawaii,http://pbs.twimg.com/media/ElsQY1YX0AYMrwe.jpg,0
band people expect nice fuck theres obvious day reason voting theyre,none,1
blolitapluma forever,none,1
mad romanticizing lolita wearing generic costume,none,1
blolita witch look work today httpstcozfntfhzteu,http://pbs.twimg.com/media/ElsL7XaXgAIo5s8.jpg,0
bhttpstcojbykqvrvcznnokay wasnt lolita anna karenina skskskskskksks,none,1
beviltrashbear shows lust character made well httpstcoffeilgcdyj,http://pbs.twimg.com/media/ElsK5CeXYAAJl-z.jpg,1
bkatervohar kuroo loves,none,1
brt clownplushie one invader zim lolita coord dnloveliestlor,http://pbs.twimg.com/media/ElrpSgMXYAQy4St.jpg,0
byes made got goth lolita sleeves,http://pbs.twimg.com/media/ElsKTruWMAATJv_.jpg,0
brt barackobama dont boo vote happy halloween everybody,http://pbs.twimg.com/media/ElrkHAtXgAESMad.jpg,1
bshowgirl geniehybrid steampunk gothic lolita magician suit ideas,http://pbs.twimg.com/media/ElsKQyWXYAISRRf.jpg,0
baraituh abagofangrybees thank lolitabaroques rabbit circus,none,0
bgoldngracetrixr give second poofed came back waring frilly white lolita dress bonnet,none,0
